{
    "apps": [
        {
            "name": "electrokomponents",
            "script": "server.js",
            "instances": "max",
            "exec_mode": "cluster",
            "autorestart": true,
            "watch": false,
            "max_memory_restart": "1G",
            "env": {
                "NODE_ENV": "development",
                "PORT": 3000
            },
            "env_production": {
                "NODE_ENV": "production",
                "PORT": 3000
            },
            "log_date_format": "YYYY-MM-DD HH:mm:ss Z",
            "error_file": "./logs/err.log",
            "out_file": "./logs/out.log",
            "merge_logs": true,
            "time": true
        }
    ]
}